{"time": {"hour": [11], "minute": [38], "month": [5], "day": [2], "year": [2019]}, "humidity": [99.9000015258789], "temperature": [73.21999931335449]}